{
  "model_name": "all-MiniLM-L6-v2",
  "model_path": "sentence-transformers/all-MiniLM-L6-v2",
  "dimension": 384,
  "load_time": 0.6966195999411866,
  "encode_time_ms": 1.2991899973712862,
  "test_results": [
    {
      "query": "struct FHitResult",
      "expected": [
        "HitResult.h"
      ],
      "embedding_norm": 1.0
    },
    {
      "query": "class AActor",
      "expected": [
        "Actor.h"
      ],
      "embedding_norm": 1.0
    },
    {
      "query": "FVector struct",
      "expected": [
        "Vector.h"
      ],
      "embedding_norm": 1.0
    },
    {
      "query": "FHitResult members ImpactPoint",
      "expected": [
        "HitResult.h"
      ],
      "embedding_norm": 1.0
    },
    {
      "query": "AActor properties",
      "expected": [
        "Actor.h"
      ],
      "embedding_norm": 1.0
    },
    {
      "query": "collision detection implementation",
      "expected": [
        "Collision",
        "Physics"
      ],
      "embedding_norm": 1.0
    },
    {
      "query": "vehicle physics simulation",
      "expected": [
        "WheeledVehicle",
        "ChaosVehicle"
      ],
      "embedding_norm": 1.0
    },
    {
      "query": "actor component lifecycle",
      "expected": [
        "ActorComponent.h"
      ],
      "embedding_norm": 1.0
    },
    {
      "query": "LineTraceSingleByChannel function",
      "expected": [
        "CollisionQueryParams",
        "WorldCollision"
      ],
      "embedding_norm": 0.9999999403953552
    },
    {
      "query": "GetActorLocation implementation",
      "expected": [
        "Actor.h",
        "Actor.cpp"
      ],
      "embedding_norm": 1.0
    }
  ],
  "description": "Current model - General purpose, 384 dims"
}